id,first_name,last_name,email,gender,password
1,Muriel,McMeeking,mmcmeeking0@ning.com,Female,1t1l4hR
2,Chick,Bumpas,cbumpas1@oracle.com,Male,DtbVYF
3,Shawn,Baelde,sbaelde2@gmpg.org,Female,gwehmstBBocp
4,Hayden,Henricsson,hhenricsson3@weibo.com,Male,Hh6TYp8ef
5,Dionysus,Podd,dpodd4@about.me,Male,jGV2THkqsO
6,Ealasaid,Hambling,ehambling5@opera.com,Female,fOotUTmqw1
7,Patsy,McGilleghole,pmcgilleghole6@apache.org,Female,S8ZeJ6UoJc
8,Marne,Adelsberg,madelsberg7@independent.co.uk,Female,BtkKtfKXU
9,Johnath,Justun,jjustun8@godaddy.com,Female,GkbvaNS6Tqiu
10,Amby,Gladdish,agladdish9@drupal.org,Male,1OFadf2v6To
11,Hewe,McLarens,hmclarensa@behance.net,Male,wpnV3Y0
12,Russell,Chinn,rchinnb@symantec.com,Male,eYuIKk
13,Scott,Glenwright,sglenwrightc@yandex.ru,Male,GmiygvyuPsmW
14,Matthias,Whithorn,mwhithornd@slashdot.org,Male,d5pCDx1Pvu
15,Uta,Flowerden,uflowerdene@reuters.com,Female,TO9PGAcv
16,Daron,Grix,dgrixf@theguardian.com,Female,q5PK5nSOvHR
17,Karalee,Bilbrook,kbilbrookg@vkontakte.ru,Female,5aZsIf
18,Novelia,Dake,ndakeh@ezinearticles.com,Female,FOlWxJ81Vu
19,Claire,MacAirt,cmacairti@domainmarket.com,Female,fOktXn1juErW
20,Dian,Birrane,dbirranej@smugmug.com,Female,KnsdnssZ
21,Joela,Gounet,jgounetk@angelfire.com,Female,qJreU6tK
22,Nari,St. Quintin,nstquintinl@ox.ac.uk,Female,fpla1lhzh
23,Arabella,Osman,aosmanm@youtube.com,Female,KmmpQPAH
24,Adrianne,Sadd,asaddn@bizjournals.com,Female,6FcFGpS
25,Link,Breward,lbrewardo@freewebs.com,Male,kEDvL57ZR80
26,Reamonn,Ovitz,rovitzp@amazon.co.uk,Male,76pAb28
27,Benedick,Fleetham,bfleethamq@unc.edu,Male,kk63YLQMOOGa
28,Cam,Cudbertson,ccudbertsonr@1und1.de,Male,rrYKK5B
29,Josie,Usborn,jusborns@disqus.com,Female,BuVqmG61AGUf
30,Marcellina,Rutgers,mrutgerst@dedecms.com,Female,hYbK3VYF
31,Dana,Bennit,dbennitu@cisco.com,Male,P7uEFfkh
32,Moyna,Tonna,mtonnav@pagesperso-orange.fr,Female,3XCM2wRxvUJ
33,Tiertza,Myerscough,tmyerscoughw@google.co.uk,Female,tv3F86EH
34,Cicily,McKoy,cmckoyx@fema.gov,Female,IYeRMhsBbpk
35,Belle,Bezley,bbezleyy@wsj.com,Female,lXw4H6meSP1
36,Aldo,Crebo,acreboz@163.com,Male,51JMYXzla2Y
37,Avrom,Brawley,abrawley10@apple.com,Male,absWOTOZoZl
38,Lindy,Cregg,lcregg11@imdb.com,Male,1rhhIPkXiI
39,Larissa,Sprott,lsprott12@ftc.gov,Female,y0znT5IUri9F
40,Izzy,Petraitis,ipetraitis13@salon.com,Male,XXBSa9Uf
41,Nevil,Alibone,nalibone14@shinystat.com,Male,YYBzfQN76
42,Jeane,Curzon,jcurzon15@newyorker.com,Female,L4mXVkXo1S
43,Devy,Neilly,dneilly16@ucsd.edu,Male,WfaPPV0Rgf
44,Julio,Rilings,jrilings17@phpbb.com,Male,nBiPGonJeiR
45,Byran,McLeoid,bmcleoid18@squarespace.com,Male,jw0dkBM
46,Kenyon,Warre,kwarre19@tripod.com,Male,X56OOk
47,Farrand,Beckey,fbeckey1a@goo.gl,Female,97w7DMH
48,Fields,McGraith,fmcgraith1b@google.ru,Male,diUeUQ8
49,Baryram,Margarson,bmargarson1c@noaa.gov,Male,jtI0as
50,Turner,Pickard,tpickard1d@abc.net.au,Male,L6lTNWM
51,Gordan,Renehan,grenehan1e@pbs.org,Male,IMsZco
52,Georgeanna,Gauchier,ggauchier1f@howstuffworks.com,Female,dC2osy0pqA
53,Martha,Passmore,mpassmore1g@nature.com,Female,v5maI6BXVs
54,Francine,Slatten,fslatten1h@nih.gov,Female,nAERB1Hk6
55,Clyde,Sydney,csydney1i@1und1.de,Male,EVgeSuTNnD
56,Elmore,Hollindale,ehollindale1j@godaddy.com,Male,YODV8nfi07F
57,Sanders,Jindrich,sjindrich1k@wordpress.com,Male,hd2TpT
58,Ruttger,Prozescky,rprozescky1l@123-reg.co.uk,Male,c93zx5BdO3yW
59,Chickie,Cleghorn,ccleghorn1m@unicef.org,Female,kzxlYKgQ
60,Binky,Reggio,breggio1n@google.de,Male,KPrE0V
61,Cory,Wardell,cwardell1o@hc360.com,Male,X1Zo9NBY
62,Marcelo,Eringey,meringey1p@addthis.com,Male,Y5SV2sE
63,Benson,Dysart,bdysart1q@washingtonpost.com,Male,V66STSW5
64,Klarika,Martinon,kmartinon1r@printfriendly.com,Female,8cnw7xpbQ
65,Alexio,Burn,aburn1s@naver.com,Male,N1rNN7
66,Aron,Asken,aasken1t@miibeian.gov.cn,Male,T79ANyGpWDZY
67,Arabela,Geraldi,ageraldi1u@aol.com,Female,0jbWhcC
68,Dita,Henke,dhenke1v@histats.com,Female,mVW6k1Odck1t
69,Anatollo,Richter,arichter1w@mapy.cz,Male,xJ4Qh5Kal
70,Mathilda,Langthorn,mlangthorn1x@washingtonpost.com,Female,wQSs1jkLjvE
71,Ninnetta,Simko,nsimko1y@amazon.co.jp,Female,CdPAxC5U
72,Livy,Slaten,lslaten1z@jiathis.com,Female,M9MPVz1y
73,Federico,Reichert,freichert20@cisco.com,Male,NiXozufg4c
74,David,Munn,dmunn21@chron.com,Male,Wdb4uu2
75,Domenico,Acton,dacton22@geocities.com,Male,8Bqio8
76,Etta,Mussetti,emussetti23@answers.com,Female,QQI5Fm
77,Mirabelle,Royste,mroyste24@microsoft.com,Female,5JCautUJHBV
78,Sadye,Mangion,smangion25@blogger.com,Female,YJ30O6t
79,Harwell,Shildrake,hshildrake26@umn.edu,Male,BYTpzUg
80,Ricky,Hendrickx,rhendrickx27@hud.gov,Female,4C0Cxolvw6W
81,Otes,Dimond,odimond28@spotify.com,Male,sJZvuaQYkZhC
82,Elisha,Haworth,ehaworth29@wisc.edu,Female,2r6PMLip6FCr
83,Sadella,Turn,sturn2a@tinypic.com,Female,tx893iiQ9SBG
84,Randy,Taggett,rtaggett2b@ucoz.com,Male,aW0tUe1b
85,Stephine,Josovich,sjosovich2c@mayoclinic.com,Female,F2f3hEuZ
86,Tarra,Woodcroft,twoodcroft2d@ucla.edu,Female,5j9j19up3X
87,Modesta,Wooller,mwooller2e@cam.ac.uk,Female,QGF99Wq6
88,Emma,Plaistowe,eplaistowe2f@nationalgeographic.com,Female,qte9sJ
89,Miof mela,Vamplers,mvamplers2g@so-net.ne.jp,Female,sYxR5Zqak6
90,Cassondra,Batterbee,cbatterbee2h@ibm.com,Female,yYm9aGRHsCo5
91,Damita,Perfili,dperfili2i@wikia.com,Female,9ShJUs
92,Domini,Birdfield,dbirdfield2j@oakley.com,Female,Sg2C5BZXpHEb
93,Christyna,Roark,croark2k@springer.com,Female,1GH8Xm7nR
94,Rosette,Annice,rannice2l@dion.ne.jp,Female,4HAAkFz7u2
95,Dan,Bonett,dbonett2m@guardian.co.uk,Male,aicy3X
96,Bonita,Delyth,bdelyth2n@earthlink.net,Female,2ivA4bs38m7
97,Nealon,Lawn,nlawn2o@uol.com.br,Male,s6wAjUWuGw9
98,Jasmin,Snaden,jsnaden2p@cisco.com,Female,YgzsHg
99,Allys,Siseland,asiseland2q@harvard.edu,Female,wb0TQhW
100,Bonni,Lammie,blammie2r@pbs.org,Female,f6gUMT
101,Casey,Franzelini,cfranzelini2s@wp.com,Male,xfZu8kAvQqSZ
102,Harp,Glew,hglew2t@e-recht24.de,Male,Xp9d5WxBfdJd
103,Giuditta,Mayte,gmayte2u@cmu.edu,Female,nFmJ39
104,Lyndsey,Karlik,lkarlik2v@bravesites.com,Female,wjjlt8D
105,Emelyne,Allden,eallden2w@sciencedirect.com,Female,R6BPawg
106,Sheree,Tink,stink2x@cbslocal.com,Female,j50DKiWPoxB2
107,Porter,Hince,phince2y@unc.edu,Male,wYm5I98nq
108,Trina,Birrel,tbirrel2z@opensource.org,Female,AmDZ8CV
109,Nolly,Goulder,ngoulder30@weebly.com,Male,15IP8Gjbkwfi
110,Salomi,Lacroix,slacroix31@google.de,Female,bJuLmZl
111,Natalee,Nortcliffe,nnortcliffe32@51.la,Female,pqfyGL21
112,Sherwynd,Tartt,startt33@sphinn.com,Male,C2mDPkL
113,Ardyth,Broomhead,abroomhead34@pen.io,Female,BpzkN3l9s
114,Kris,Fritz,kfritz35@about.com,Female,riUoL2hhzEZ
115,Isidora,Vaskov,ivaskov36@hao123.com,Female,89mkfuq
116,Valentina,Pennock,vpennock37@over-blog.com,Female,XbHhYsy7pHN
117,Kain,Schiersch,kschiersch38@si.edu,Male,SrOMxFd
118,Evania,Cowpe,ecowpe39@g.co,Female,JNBceOOUw
119,Curtice,Di Ruggiero,cdiruggiero3a@bbb.org,Male,ZZAkK0a
120,Larisa,Hadgraft,lhadgraft3b@mit.edu,Female,hzLXQIKa13IE
121,Worden,Mawdsley,wmawdsley3c@unc.edu,Male,P7Z1VWuDejYM
122,Aeriela,Dranfield,adranfield3d@linkedin.com,Female,92tvItAaNZVR
123,Dayna,Shailer,dshailer3e@unesco.org,Female,ddbhRMOCuK
124,Fredericka,Alexsandrowicz,falexsandrowicz3f@moonfruit.com,Female,eRpMq6
125,Freeman,Endon,fendon3g@google.es,Male,l1w7HWVBN
126,Padget,Dibling,pdibling3h@state.tx.us,Male,qZZqXHc1U
127,Durant,Featenby,dfeatenby3i@themeforest.net,Male,xu6cGIJ9
128,Charleen,Corro,ccorro3j@usa.gov,Female,VZWefJPloL
129,Adah,Bithell,abithell3k@printfriendly.com,Female,SwyhKzcfJYEh
130,Merell,Rowles,mrowles3l@dmoz.org,Male,3iLhhCODsyV
131,Ramonda,Grzegorzewski,rgrzegorzewski3m@ehow.com,Female,G0i20PHn
132,Berti,Tschursch,btschursch3n@abc.net.au,Male,e6yarSAUi
133,Jeremias,Whistlecraft,jwhistlecraft3o@nhs.uk,Male,JGlLRtHlfH8
134,Odele,Samms,osamms3p@deviantart.com,Female,lDQdSU1mIp
135,Carmelita,Gleadhall,cgleadhall3q@utexas.edu,Female,hsfr0zBo4V
136,Meryl,Bernhard,mbernhard3r@cisco.com,Female,GUYVUsbucgQ
137,Aristotle,Kinder,akinder3s@psu.edu,Male,EKxdaX5
138,Pace,Blaine,pblaine3t@woothemes.com,Male,ak9MqF4iD
139,Pierce,Ridewood,pridewood3u@netvibes.com,Male,3gnGiczRV65I
140,Eda,Mennear,emennear3v@usatoday.com,Female,8G4eZaQYM
141,Luelle,MacVagh,lmacvagh3w@patch.com,Female,TYWMOzkOBE
142,Nissie,Fero,nfero3x@taobao.com,Female,BQ7k93goxSH
143,Jorey,Walbrook,jwalbrook3y@bravesites.com,Female,OSLWBGt
144,Merle,Piatek,mpiatek3z@washingtonpost.com,Male,hYmg0K5
145,Wilie,Blankhorn,wblankhorn40@forbes.com,Female,3PvEPu
146,Ebenezer,Barbera,ebarbera41@omniture.com,Male,39Sommq79Okm
147,Hamlin,Boreland,hboreland42@sun.com,Male,Uk70ktRGJ8w
148,Mayer,Lansley,mlansley43@amazon.co.uk,Male,aQisBPDXi
149,Cordey,Oldmeadow,coldmeadow44@sciencedaily.com,Female,p3ovCptlPP
150,Gran,Hymans,ghymans45@craigslist.org,Male,wW8cicGY
151,Marisa,Northleigh,mnorthleigh46@marketwatch.com,Female,JexGMdb7XrhH
152,Bank,Hatch,bhatch47@godaddy.com,Male,l9IEp10g
153,Brandice,Jurisch,bjurisch48@psu.edu,Female,KlidWqlMZfwW
154,Drake,Kenn,dkenn49@census.gov,Male,avPwMHBPD5fO
155,Edan,Carpe,ecarpe4a@vk.com,Male,ktH5bkY
156,Kala,Dabling,kdabling4b@ebay.com,Female,UDd4EMx73kWc
157,Mollee,Storey,mstorey4c@ucla.edu,Female,IYyhFMCUMFB9
158,Hurlee,Heaker,hheaker4d@networkadvertising.org,Male,0NlPVNp
159,Barby,Woodier,bwoodier4e@tmall.com,Female,QRyQO6K3t
160,Gar,Kester,gkester4f@youku.com,Male,gnM39zVI0
161,Lee,Mingotti,lmingotti4g@moonfruit.com,Female,sZpeHYj3ZayI
162,Cele,Duckerin,cduckerin4h@ycombinator.com,Female,hu9fpKo6t
163,Adey,Aldington,aaldington4i@washington.edu,Female,vtpNVDiQouC
164,Kahlil,Cannop,kcannop4j@hc360.com,Male,cQ01J3al
165,Thomasine,Guiet,tguiet4k@w3.org,Female,z5Jyp0dt
166,Ruthe,Ainger,rainger4l@phoca.cz,Female,qo5Dx4GoFNSq
167,Hal,Vitler,hvitler4m@craigslist.org,Male,1zy0A3Q
168,Blaine,Adamski,badamski4n@devhub.com,Male,mCb3NIaWs
169,Mylo,Ferney,mferney4o@wisc.edu,Male,nRLTdyb9uc
170,Aubert,Dionsetto,adionsetto4p@tinypic.com,Male,RLBRDXIOzHv0
171,Myrah,Codi,mcodi4q@tamu.edu,Female,duVUAbatii1n
172,Karry,Littlechild,klittlechild4r@opensource.org,Female,opriZQY
173,Berry,Bugdell,bbugdell4s@amazon.com,Female,cTo5xed
174,Ethelred,Varran,evarran4t@exblog.jp,Male,iZhiVxeNv
175,Jillie,Sabberton,jsabberton4u@wikimedia.org,Female,tD0snoaoykYU
176,Baird,Pitrollo,bpitrollo4v@wsj.com,Male,aGugRrb8O
177,Ellerey,Stickel,estickel4w@tiny.cc,Male,EIwk4A2hXC
178,Erena,Kift,ekift4x@rakuten.co.jp,Female,2N8mFxj2P
179,Windham,Brearty,wbrearty4y@webs.com,Male,i8YiBEX
180,Lyndsay,Scroyton,lscroyton4z@sciencedirect.com,Female,ii2fDZDRkf
181,Tamera,Cristofor,tcristofor50@sciencedirect.com,Female,RXFylS9W
182,Arturo,Quarterman,aquarterman51@unicef.org,Male,cOMV4kI9cExV
183,Constance,Cawsey,ccawsey52@godaddy.com,Female,7eEvO9M9Rxi
184,Creight,Ranger,cranger53@last.fm,Male,Z4eAupo1W
185,Petey,Smallshaw,psmallshaw54@merriam-webster.com,Male,0TSr9cL1b
186,Elsa,Blamire,eblamire55@shop-pro.jp,Female,S5mkHvxMNC
187,Kimbra,Bowell,kbowell56@dailymotion.com,Female,flh0rrE8V7d
188,Giustina,Chesshire,gchesshire57@ft.com,Female,oBPCBpGF
189,Ingamar,Shortin,ishortin58@state.tx.us,Male,H10OUFU
190,Mycah,Meehan,mmeehan59@angelfire.com,Male,6NwgdCrNJMr
191,Shaylyn,Stanborough,sstanborough5a@yellowpages.com,Female,j4UwaOUA
192,Torey,Pierri,tpierri5b@about.me,Male,IizzNa6U6Mj
193,Katrina,Hamer,khamer5c@wisc.edu,Female,kdgvZEwZ
194,Vaughn,Abyss,vabyss5d@hibu.com,Male,5GxGNTtx7QFY
195,Artemus,Akitt,aakitt5e@statcounter.com,Male,Y29NNR
196,Hughie,Gricks,hgricks5f@bing.com,Male,usJSgQxyCHi8
197,Oates,Odo,oodo5g@privacy.gov.au,Male,iKMzT1vdYL
198,Alfons,Phillins,aphillins5h@ifeng.com,Male,vKKPLHje
199,Giraud,Hilling,ghilling5i@xinhuanet.com,Male,OlkwQE4
200,Hubey,Moulding,hmoulding5j@storify.com,Male,1muQrTiJ
201,Annissa,Mayow,amayow5k@smh.com.au,Female,vcRsdmo
202,Andreana,McGlashan,amcglashan5l@google.it,Female,7LJ51WQ
203,Desmund,Maryon,dmaryon5m@whitehouse.gov,Male,625mlve1zws
204,Daphna,Eite,deite5n@i2i.jp,Female,dd5C1X
205,Anjanette,Amori,aamori5o@mozilla.com,Female,VVV4eObZQ
206,Lorinda,Dacke,ldacke5p@wufoo.com,Female,sa7vk34
207,Harman,Chieco,hchieco5q@bloomberg.com,Male,nKtf9qShcMS
208,Gianna,Pauluzzi,gpauluzzi5r@miibeian.gov.cn,Female,gFewqhlHOW
209,Nikoletta,Ringe,nringe5s@amazon.co.jp,Female,h0ySYP1r8
210,Torey,Giggie,tgiggie5t@bandcamp.com,Female,iqJ3Ua6eVuk
211,Jordain,Keyte,jkeyte5u@amazon.co.uk,Female,Fly9x7RpIQqp
212,Christiano,Dominighi,cdominighi5v@constantcontact.com,Male,BBkLjb
213,Alfonse,Werlock,awerlock5w@flavors.me,Male,JVRmPVKU
214,Buddy,Goard,bgoard5x@hud.gov,Male,OU1GIdw
215,Parker,Worvill,pworvill5y@buzzfeed.com,Male,ixsvIn0
216,Stacey,Isles,sisles5z@cisco.com,Female,fp6Ufj
217,Antone,Prestage,aprestage60@mashable.com,Male,1VUgYg
218,Griffie,Burree,gburree61@fastcompany.com,Male,4oiqAK4
219,Nerta,Lent,nlent62@naver.com,Female,dKxcg1FAz
220,Sam,Sturdey,ssturdey63@boston.com,Female,RwxuSkjfs
221,Putnem,Vern,pvern64@liveinternet.ru,Male,3JmsQz
222,Yul,Hailwood,yhailwood65@smugmug.com,Male,RbyVrXWhKlg
223,Sydney,Arnell,sarnell66@usnews.com,Female,31qbCzAF53J
224,Tobiah,Itscowicz,titscowicz67@house.gov,Male,NYc06Ts17Fq0
225,Berthe,Wombwell,bwombwell68@soundcloud.com,Female,ShZxdpUvp
226,Kinny,Caldeiro,kcaldeiro69@smugmug.com,Male,XvgGxl
227,Matt,Blainey,mblainey6a@ebay.com,Male,GjiZO8UPZc
228,Eydie,Harmon,eharmon6b@guardian.co.uk,Female,Wj4QGo
229,Inglebert,Gon,igon6c@pagesperso-orange.fr,Male,yhrO8DRZs
230,Elisha,Tailby,etailby6d@salon.com,Male,0ChGfJM
231,Tedra,Lattin,tlattin6e@g.co,Female,UeW6psaN4
232,Sherilyn,Aimer,saimer6f@hugedomains.com,Female,rJDpOJhkQ1H
233,Siward,Moggle,smoggle6g@yolasite.com,Male,u6p9uGf4rO
234,Korey,Sandom,ksandom6h@umich.edu,Male,enwInP
235,West,Reeson,wreeson6i@miitbeian.gov.cn,Male,O1ujEBs6UOwR
236,Berke,Chatwin,bchatwin6j@cocolog-nifty.com,Male,Pu5Jf5m6b
237,Verena,Claiton,vclaiton6k@com.com,Female,MJAYDj
238,Neron,Canon,ncanon6l@people.com.cn,Male,nSlCyGgLw4
239,Ermanno,Abbey,eabbey6m@e-recht24.de,Male,nFkFt97GHmw
240,Dominick,Auchterlonie,dauchterlonie6n@webeden.co.uk,Male,v9n5hcv
241,Ermina,Straughan,estraughan6o@blogs.com,Female,eMYwbNqE
242,Jase,Kikke,jkikke6p@tiny.cc,Male,tIzPWK2R
243,Jay,Kuhnwald,jkuhnwald6q@unesco.org,Male,1LCUvRGab
244,Taite,MacAllister,tmacallister6r@nifty.com,Male,kZ5ErQdMN
245,Clywd,Povey,cpovey6s@baidu.com,Male,Gx5jC4
246,Hakim,Parcell,hparcell6t@seattletimes.com,Male,9GEO34
247,Livvie,Eddisforth,leddisforth6u@51.la,Female,GeVOTGtGgjS
248,Edin,Brightie,ebrightie6v@businessinsider.com,Female,XmCxB16vdtx
249,Tiphani,Pocklington,tpocklington6w@gnu.org,Female,AdNc5X7oauI
250,Rorke,Chasen,rchasen6x@xing.com,Male,iEZh1d
251,Yorker,Schusterl,yschusterl6y@youku.com,Male,DuTTNZh
252,Alecia,O'Lenechan,aolenechan6z@wix.com,Female,DWiDXmd
253,Frasier,Bucklan,fbucklan70@usa.gov,Male,Rdw1oyCYHL
254,Cyndia,Pipping,cpipping71@amazonaws.com,Female,XRZ3lQ
255,Mick,Gostling,mgostling72@homestead.com,Male,7u3DgZ
256,Joby,Huckerbe,jhuckerbe73@fotki.com,Female,9bB0gj
257,Ingamar,Leggis,ileggis74@spotify.com,Male,6nf2rSganH
258,Dory,McLeoid,dmcleoid75@ihg.com,Female,WFZu63oOj5eE
259,Silvan,Leicester,sleicester76@sphinn.com,Male,i9j3aAC
260,Maximilian,De Cruze,mdecruze77@sina.com.cn,Male,S2a9M22t0
261,Harriot,Tabram,htabram78@shutterfly.com,Female,35TFoRGkew
262,Nickie,Fleury,nfleury79@blinklist.com,Female,wkTgRy4v
263,Vitoria,Powder,vpowder7a@theguardian.com,Female,8zdtYbTP
264,Devi,Halson,dhalson7b@homestead.com,Female,NjHRB2Eioq1F
265,Richard,Carlin,rcarlin7c@wordpress.com,Male,xh8jCXum8VhB
266,Cairistiona,Tiebe,ctiebe7d@harvard.edu,Female,4dILY4
267,Nicolle,Dimitrov,ndimitrov7e@java.com,Female,7u5IY7VFqp0
268,Maurise,Tarzey,mtarzey7f@psu.edu,Male,0TRwX287W
269,Gael,Boyles,gboyles7g@paypal.com,Female,JGoGeg
270,Maud,Breeze,mbreeze7h@goo.gl,Female,SCt2dNdQzFop
271,Sholom,Rodrig,srodrig7i@github.io,Male,5elEpqWBk
272,Truman,Keat,tkeat7j@google.es,Male,lmxkwsk
273,Pall,Avis,pavis7k@geocities.jp,Male,i40ONco7d6
274,Mavis,Giorgini,mgiorgini7l@hibu.com,Female,ve5hdlW
275,Quinton,Akester,qakester7m@digg.com,Male,txwUg73Q
276,Jamie,Barajaz,jbarajaz7n@biglobe.ne.jp,Male,PPVFZ9RDnPE
277,Kendal,Pavolillo,kpavolillo7o@sfgate.com,Male,XsGMRDla
278,Ivonne,Rawle,irawle7p@ask.com,Female,oJeF4VTQMGzb
279,Evey,Zuker,ezuker7q@miitbeian.gov.cn,Female,nx4r9iJhZ
280,Melli,Toope,mtoope7r@newsvine.com,Female,bdTcmrdhFTA
281,Harriet,Vasilenko,hvasilenko7s@naver.com,Female,ApnudvDgt
282,Ludwig,Rigeby,lrigeby7t@purevolume.com,Male,rbLLW0
283,Brita,Jerzyk,bjerzyk7u@pagesperso-orange.fr,Female,BSInDDBDsx0d
284,York,Alsobrook,yalsobrook7v@plala.or.jp,Male,IJ4dRlhnma4
285,Casper,Dyka,cdyka7w@wiley.com,Male,hbGZLb
286,Gwendolyn,Sier,gsier7x@gmpg.org,Female,wopimLQtnSZ
287,Spencer,Kisbey,skisbey7y@paginegialle.it,Male,KHUP4L0Fyx
288,Jemimah,Snook,jsnook7z@1und1.de,Female,svQzyLSbJkC
289,Kylie,Domokos,kdomokos80@soundcloud.com,Female,9lLesazuWr
290,Corena,Boyson,cboyson81@mtv.com,Female,yp0seubc7C0K
291,Gunar,Doddrell,gdoddrell82@twitpic.com,Male,XI9mR4q
292,Margot,Blatchford,mblatchford83@utexas.edu,Female,SZ3ARvkefPC
293,Nevil,Smoughton,nsmoughton84@java.com,Male,amh1ydutQW
294,Fairlie,Godber,fgodber85@baidu.com,Male,Tzqrmu5pO
295,Eolanda,Arnaudi,earnaudi86@intel.com,Female,oFIwnxvuzzQ
296,Elias,Kunrad,ekunrad87@t-online.de,Male,luS2l0kCeWHF
297,Diannne,Poulden,dpoulden88@istockphoto.com,Female,EvTulWsJKpq4
298,Cybil,Sherer,csherer89@dot.gov,Female,ZBcvo9Y
299,Salvidor,Toman,stoman8a@wisc.edu,Male,Jc6zJ2vQNej
300,Saloma,Afield,safield8b@elpais.com,Female,dff02Pzq
301,Loretta,Oaker,loaker8c@cmu.edu,Female,fFgdhT
302,Denni,Roskilly,droskilly8d@ed.gov,Female,xD81LByr7R
303,Atlanta,Batistelli,abatistelli8e@tripadvisor.com,Female,FRyeIhI3W
304,Cyrillus,Luker,cluker8f@sitemeter.com,Male,oKCJ7HJ1Zo
305,Dynah,Pimlott,dpimlott8g@t.co,Female,TVMHTTaqK
306,Lory,Dilkes,ldilkes8h@uol.com.br,Female,3oRwgvODGvZO
307,Dasi,Gwilt,dgwilt8i@usa.gov,Female,dJHrpCrKBCDm
308,Brinn,Schuster,bschuster8j@unblog.fr,Female,KRcvxhEmfT
309,Artemas,Barriball,abarriball8k@ebay.co.uk,Male,kQ7nt91uC6
310,Pedro,Giacopazzi,pgiacopazzi8l@ed.gov,Male,6mDlRuvVD
311,Ricardo,Handman,rhandman8m@ow.ly,Male,DJBSuf
312,Erinn,Verzey,everzey8n@oracle.com,Female,IZFAOha
313,Genovera,Mulliss,gmulliss8o@si.edu,Female,0Q049nT4M1c7
314,Koren,Barnbrook,kbarnbrook8p@free.fr,Female,dzqQFxp
315,Erinna,Jeffels,ejeffels8q@bloglovin.com,Female,KgtOOTv
316,Megan,Barry,mbarry8r@google.co.jp,Female,9t3n4QEx
317,Anders,Langstaff,alangstaff8s@ed.gov,Male,70oP7I76ajTW
318,Gardiner,Steuart,gsteuart8t@cmu.edu,Male,0ZPlXoQA0
319,Clotilda,Bricket,cbricket8u@java.com,Female,KNUqhzoXkD
320,Jorie,Brickdale,jbrickdale8v@about.me,Female,OLr8cYZ
321,Nannette,Westgarth,nwestgarth8w@creativecommons.org,Female,z9SmVA
322,Rockey,Nurny,rnurny8x@nifty.com,Male,WVWjN4w
323,Hector,Gowen,hgowen8y@jimdo.com,Male,rKos3QTWE
324,Lucita,Hawes,lhawes8z@woothemes.com,Female,dKESbQGlvf
325,Felix,Whittle,fwhittle90@dmoz.org,Male,1c2JS4qF1Dl
326,Heather,Groveham,hgroveham91@icq.com,Female,YsXYazrGa4zR
327,Chrystel,Reightley,creightley92@domainmarket.com,Female,klB890iM
328,Norah,Dewsnap,ndewsnap93@xing.com,Female,7vK8RdaV
329,Martyn,Bartalucci,mbartalucci94@ycombinator.com,Male,SUp1dC
330,Bayard,Edmeades,bedmeades95@hatena.ne.jp,Male,UrZg4m6NoJ
331,Harwilll,O'Lunney,holunney96@si.edu,Male,lbwuT7S8Ba
332,Karissa,Jackways,kjackways97@ucoz.com,Female,mOfKJFjY
333,Erma,Mates,emates98@mtv.com,Female,i8ExNRQcy7h
334,Almeria,Wordesworth,awordesworth99@alexa.com,Female,uNfInmS
335,Oliviero,Arrell,oarrell9a@histats.com,Male,wUQ4k73
336,Rollie,Ruperto,rruperto9b@oaic.gov.au,Male,4DaiWq6P
337,Tamar,McComiskey,tmccomiskey9c@dailymail.co.uk,Female,lre0oSV
338,Sibyl,Gissop,sgissop9d@theglobeandmail.com,Female,T8VG1x
339,Isador,Nilles,inilles9e@so-net.ne.jp,Male,ajqeaW
340,Malcolm,Blenkhorn,mblenkhorn9f@nyu.edu,Male,Z0FFNhkUB5
341,Creighton,Gardner,cgardner9g@meetup.com,Male,KEjXcJk9
342,Nora,Noddings,nnoddings9h@epa.gov,Female,cAXC9Yp1TW
343,Lauritz,Alberts,lalberts9i@webeden.co.uk,Male,8h2cuVY9iUTc
344,Ivonne,Backshall,ibackshall9j@barnesandnoble.com,Female,dKsLCPrGI
345,Stanislaw,Shenley,sshenley9k@telegraph.co.uk,Male,ZU9wLosAL
346,Flossy,Campaigne,fcampaigne9l@lycos.com,Female,A86LMXrXkGy
347,Shaylynn,Warrillow,swarrillow9m@auda.org.au,Female,x1Wfnkm
348,Solly,Ennion,sennion9n@creativecommons.org,Male,ATW3YR4glty
349,Montague,Faithorn,mfaithorn9o@weibo.com,Male,iVLH1v79g
350,Hannah,Bratt,hbratt9p@ibm.com,Female,zNeY2h8pTJ
351,Bryan,Erb,berb9q@surveymonkey.com,Male,9TGa4Rr
352,Galven,Wickendon,gwickendon9r@newsvine.com,Male,3WA8J5EkMHg
353,Ernaline,Heffernan,eheffernan9s@shop-pro.jp,Female,0ay1Hd07U6kL
354,Ennis,Loveard,eloveard9t@japanpost.jp,Male,gVvAo9
355,Aileen,Elverstone,aelverstone9u@bbb.org,Female,zOawGCEUR
356,Neill,Clyde,nclyde9v@pbs.org,Male,1JdwAKg
357,Fan,Swannell,fswannell9w@etsy.com,Female,zm5Y0JmxffOu
358,Barde,Shivlin,bshivlin9x@webeden.co.uk,Male,xXG5HhqzYgt
359,Andriana,Findon,afindon9y@netscape.com,Female,uoIIEmyjRe
360,Emeline,Minchindon,eminchindon9z@mysql.com,Female,uUnso0
361,Frans,Wadeson,fwadesona0@goo.ne.jp,Male,9eqsFL
362,Haily,Ferrillo,hferrilloa1@nature.com,Female,YUXqW4x
363,Ameline,Gowanlock,agowanlocka2@cbslocal.com,Female,KochbBznXI
364,Daron,Keeping,dkeepinga3@cnet.com,Female,z5vSYmGVK
365,Ethelind,Goodbur,egoodbura4@qq.com,Female,1WueuIBYJ6l
366,Edith,Goodacre,egoodacrea5@yale.edu,Female,8Ej6PHlDYu
367,Redd,Balleine,rballeinea6@amazon.com,Male,IkBfswC3SGz1
368,Massimiliano,Bravington,mbravingtona7@histats.com,Male,hn8uTL
369,Davida,Hallan,dhallana8@yelp.com,Female,p0rVeQ
370,Felix,Cranmere,fcranmerea9@census.gov,Male,Ec0bO50FRp
371,Madel,Fido,mfidoaa@hostgator.com,Female,RjT3Spqf8Uf
372,Harris,Beardsall,hbeardsallab@ihg.com,Male,odXidafZNT
373,Nobe,Bernetti,nbernettiac@ebay.co.uk,Male,aHLrUY
374,Marlee,Tunkin,mtunkinad@cbsnews.com,Female,L68x7Muyq3
375,Quincy,Greveson,qgrevesonae@pagesperso-orange.fr,Male,uPzJLmGKV
376,Josselyn,Antcliff,jantcliffaf@omniture.com,Female,95Bv7ri
377,Cully,Adlington,cadlingtonag@dot.gov,Male,c9wQz8SpS
378,Sylvia,Cuthbertson,scuthbertsonah@live.com,Female,ThV9c2F4H
379,Minnnie,Storrier,mstorrierai@discovery.com,Female,XmtC9uD
380,Herve,Fowden,hfowdenaj@examiner.com,Male,sFAgFc2vrW
381,Willie,Trappe,wtrappeak@zimbio.com,Male,ggoUwza8UR
382,Fletcher,Rawstorn,frawstornal@blinklist.com,Male,e30vbU
383,Marion,Roma,mromaam@sciencedirect.com,Male,HPgM6Sx
384,Jori,Alldred,jalldredan@youku.com,Female,xEmb3itG4
385,Onofredo,Kiehnlt,okiehnltao@godaddy.com,Male,AEfvGt0
386,Mirella,Mc Elory,mmceloryap@opensource.org,Female,6m5mkX9i9
387,Anthe,Everit,aeveritaq@independent.co.uk,Female,Helmdf
388,Lee,O'Henecan,lohenecanar@patch.com,Male,j9JhRVQ
389,Glynnis,Lawland,glawlandas@infoseek.co.jp,Female,wK3OtIvDZed
390,Chen,Whewell,cwhewellat@ucla.edu,Male,Jebe1PwCv5
391,Emeline,McGlade,emcgladeau@slideshare.net,Female,Zpg7jE3M
392,Jerome,Howels,jhowelsav@xinhuanet.com,Male,5buT9jhVT
393,Feliks,Aldrick,faldrickaw@addtoany.com,Male,MGZgZPRFX
394,Tommie,Champkins,tchampkinsax@dailymail.co.uk,Female,fWjtiFrLPPl
395,Rollie,Kitchenside,rkitchensideay@hexun.com,Male,rrbn5Lt
396,Mead,Heskey,mheskeyaz@spotify.com,Female,jGUj56W
397,Augustus,Zealy,azealyb0@bravesites.com,Male,qO9U6zKQ
398,Vivyan,Maides,vmaidesb1@ihg.com,Female,xx9BBP4v
399,Shandee,Bond,sbondb2@senate.gov,Female,Svbkeski52G
400,Luelle,Sansome,lsansomeb3@soundcloud.com,Female,CSnYslb
401,Marilin,Bree,mbreeb4@economist.com,Female,Kxe1rv
402,Gillian,Hindhaugh,ghindhaughb5@issuu.com,Female,D0hCaVKf69KJ
403,Grove,Spuner,gspunerb6@about.com,Male,FMHwxA8F
404,Brooks,Grassot,bgrassotb7@symantec.com,Female,qocgX8
405,Felice,Trevett,ftrevettb8@hc360.com,Female,mOb0B2B
406,Trude,Amner,tamnerb9@wiley.com,Female,xaEFjknVMEfP
407,Stormi,Beau,sbeauba@tmall.com,Female,OoXOzURspH
408,Desirae,De Ortega,ddeortegabb@sphinn.com,Female,y67tPF84b
409,Sharla,Playdon,splaydonbc@businessinsider.com,Female,rIlyoj
410,Shel,Greenhead,sgreenheadbd@time.com,Female,HE2vTOJmoc
411,Bradford,Calcraft,bcalcraftbe@naver.com,Male,dN99qrP
412,Rona,McDiarmid,rmcdiarmidbf@reddit.com,Female,Zm8vHmVnm
413,Everett,Florio,efloriobg@google.fr,Male,tnAs4iy
414,Dorian,Rikard,drikardbh@dion.ne.jp,Male,11pVNZDedNMc
415,Virgie,Sally,vsallybi@umn.edu,Male,8mRwTejDy
416,Heddie,Oldfield,holdfieldbj@bravesites.com,Female,tiPBT5UHkBDU
417,Clerc,Eam,ceambk@instagram.com,Male,Rtqhdl1q0l
418,Christyna,Greatbank,cgreatbankbl@foxnews.com,Female,Foe1pJA
419,Gladi,Chetham,gchethambm@wix.com,Female,TRmZit
420,Wanda,Redit,wreditbn@ucla.edu,Female,t4X4xvHJPKV
421,Tad,Gimblet,tgimbletbo@hibu.com,Male,X81QxQBqa
422,Meagan,Banasik,mbanasikbp@wikia.com,Female,amqM6JgX0hX
423,Vanessa,Itzakovitz,vitzakovitzbq@ycombinator.com,Female,gnuXxpCugZ
424,Arnaldo,Cheake,acheakebr@geocities.com,Male,Vq1Rb9E
425,Mick,Bowstead,mbowsteadbs@comcast.net,Male,4dDavo
426,Shane,Camamile,scamamilebt@constantcontact.com,Male,8PdQFwhPy3
427,Niles,Nibley,nnibleybu@nsw.gov.au,Male,ZTzsW9f8y
428,Lurlene,Thaw,lthawbv@istockphoto.com,Female,pkQf56B1m
429,Winfred,Frodsam,wfrodsambw@amazon.de,Male,slTFt43
430,Prissie,Fairbrace,pfairbracebx@businessweek.com,Female,Z2Vwbh
431,Irving,Perico,ipericoby@livejournal.com,Male,3zNuP799s
432,Deane,Tummond,dtummondbz@ucla.edu,Male,8UCaKOB
433,Annabel,Snasel,asnaselc0@constantcontact.com,Female,Vv7kMjI
434,Hallie,Kopfen,hkopfenc1@zdnet.com,Female,qqJGD1
435,Talyah,Hansom,thansomc2@redcross.org,Female,0FdiVVzf8qg
436,Lida,Gaythorpe,lgaythorpec3@hc360.com,Female,IyPlY7
437,Darlene,Valentino,dvalentinoc4@qq.com,Female,9dcrLuZ9Qq
438,Lovell,Dudding,lduddingc5@statcounter.com,Male,eD6tFo1UMLi
439,Meara,Halgarth,mhalgarthc6@mapy.cz,Female,kxyiRT
440,Ted,Barrs,tbarrsc7@google.com.hk,Female,6aN7YFIe5RL
441,Antonin,Kernar,akernarc8@multiply.com,Male,oj9nvhrkrp9c
442,Cammie,Cliburn,ccliburnc9@eepurl.com,Female,FGBQes07r
443,Killian,Keir,kkeirca@microsoft.com,Male,2ylmVYRD
444,Gabie,Croucher,gcrouchercb@mayoclinic.com,Male,aRXxM6
445,Anastasia,Bly,ablycc@va.gov,Female,g2gSiTk7
446,Korie,Pestricke,kpestrickecd@yellowbook.com,Female,xd1c1xONS
447,Tymothy,Sidary,tsidaryce@issuu.com,Male,wApGwVW
448,Bartholomeo,Wych,bwychcf@tripod.com,Male,uWShkbew6
449,Audry,Bloom,abloomcg@gravatar.com,Female,9izrk6iA
450,Anabelle,Randall,arandallch@slashdot.org,Female,iWHbLW6
451,Skipton,Calender,scalenderci@craigslist.org,Male,8L3r2hQ
452,Shaughn,Shearme,sshearmecj@de.vu,Male,JY45LQVD8O
453,Gannie,Goodall,ggoodallck@hp.com,Male,dUqM14uDow0
454,Torrey,Saiz,tsaizcl@mtv.com,Male,tNF0Lu38
455,Baxie,Rich,brichcm@google.es,Male,9Se9oq2a7AU
456,Elbertina,Tallach,etallachcn@cisco.com,Female,H40VW3
457,Sal,O'Reilly,soreillyco@forbes.com,Female,IHtIQt
458,Jocelyn,Tidbold,jtidboldcp@github.io,Female,gPqoRWvS7x
459,Rockey,Clausson,rclaussoncq@google.es,Male,fgJS7q
460,Moishe,Cramb,mcrambcr@clickbank.net,Male,K2MLCFzzfj
461,Mada,Leith-Harvey,mleithharveycs@google.com.hk,Female,AGezZnSvICEg
462,Joey,Probey,jprobeyct@phoca.cz,Male,hGHvEyyAXfrJ
463,Carlynn,Baddam,cbaddamcu@hp.com,Female,XBqIwOtv5cAP
464,Sandor,Haly,shalycv@ftc.gov,Male,pgfNZSGAj3SJ
465,Ursola,Willas,uwillascw@gov.uk,Female,cvx2TNGr
466,Marina,Haire,mhairecx@amazon.co.uk,Female,ygHJMjyrEY
467,Evanne,Eidler,eeidlercy@bloglines.com,Female,mdRLqVd7GL
468,Noby,Asey,naseycz@state.tx.us,Male,89mFI43PAx
469,Tandie,Cromar,tcromard0@digg.com,Female,wplIPBFIpB
470,Bart,Wilsone,bwilsoned1@paypal.com,Male,8deIvg
471,Stern,Jillitt,sjillittd2@weather.com,Male,kBfbEI
472,Kevyn,Miskimmon,kmiskimmond3@themeforest.net,Female,B68Zi3I2AuJQ
473,Ogdan,Stickels,ostickelsd4@wunderground.com,Male,GARGe1OwbO
474,Kippie,Jancso,kjancsod5@nature.com,Female,1d8Hfu
475,Ann-marie,Milsted,amilstedd6@tinyurl.com,Female,JdBhXuUx1keo
476,Adams,Ruffell,aruffelld7@wp.com,Male,5s4piU
477,Hamilton,Dominey,hdomineyd8@flavors.me,Male,P77OzpT7tI
478,Letti,Corkhill,lcorkhilld9@telegraph.co.uk,Female,ceEFS6I98rO
479,Sheba,Terrington,sterringtonda@hud.gov,Female,OM785UbYBoKH
480,Corina,Giamo,cgiamodb@paypal.com,Female,FZLaaZMgDhT0
481,Jemimah,Conrard,jconrarddc@soundcloud.com,Female,rNUvm2
482,Justinn,Dimanche,jdimanchedd@umn.edu,Female,uySAoHzb
483,Gardiner,Fripps,gfrippsde@geocities.com,Male,wcRcI83ywhC
484,Gilles,Cammoile,gcammoiledf@seesaa.net,Male,EgpA8fUdHY
485,Alphonso,Dobel,adobeldg@scribd.com,Male,Jr3GwmXXMlp
486,Arty,Terrans,aterransdh@cbslocal.com,Male,68QNb2
487,Rose,Yakovich,ryakovichdi@etsy.com,Female,Bgg1gUdrYi
488,Bria,Maysor,bmaysordj@g.co,Female,qZzoCM
489,Olivette,Trunby,otrunbydk@altervista.org,Female,KQF5B4VbQ
490,Alexandra,Akred,aakreddl@zimbio.com,Female,bJemMrf
491,Tome,Hadrill,thadrilldm@fda.gov,Male,rEQmmJ
492,Nike,Draper,ndraperdn@1und1.de,Female,WWWSJFk
493,Way,Clara,wclarado@friendfeed.com,Male,yt2fjoWea
494,Warde,Cornthwaite,wcornthwaitedp@blog.com,Male,GnPt76XBU5g
495,Jeffie,Braley,jbraleydq@4shared.com,Male,5X5ES5z0qld
496,Kial,Cane,kcanedr@about.me,Female,bfv4HGLeh23
497,Carole,Lorryman,clorrymands@liveinternet.ru,Female,fJxQ9ryuLLL
498,Wendi,Henrion,whenriondt@apple.com,Female,8ov57GQT
499,Arlinda,Nunn,anunndu@themeforest.net,Female,QF9N65
500,Hill,Jeness,hjenessdv@typepad.com,Male,MLWVoq1TV
501,Nathalie,Osgardby,nosgardbydw@themeforest.net,Female,MydboUiZ2
502,Currie,Jirak,cjirakdx@archive.org,Male,QmbTGy
503,Brannon,Meert,bmeertdy@slideshare.net,Male,ylEMtKsVeXh
504,Eamon,Greenmon,egreenmondz@webnode.com,Male,kRr3dh1K
505,Gilberta,Lowles,glowlese0@jiathis.com,Female,Zloo4qfiS4tM
506,Lindy,Milch,lmilche1@slate.com,Male,DgkfH9t
507,Derby,Oldall,doldalle2@cbslocal.com,Male,iVLCe1rbdn
508,Falkner,Shilling,fshillinge3@jalbum.net,Male,rJBgXk
509,Valentin,Hully,vhullye4@zimbio.com,Male,SsArjS7QFxK
510,Cyrillus,Ellingham,cellinghame5@comsenz.com,Male,paOW8HalQ
511,Reinwald,Martusov,rmartusove6@latimes.com,Male,zZ6AHyWFB1bn
512,Rosalyn,Moorman,rmoormane7@macromedia.com,Female,4t4MGhv6vjk
513,Ana,Rathbone,arathbonee8@webnode.com,Female,8MKaFY
514,Juditha,Jakubovski,jjakubovskie9@diigo.com,Female,FWWCn4
515,Antonetta,Janeway,ajanewayea@ihg.com,Female,4uEqVyxS
516,Bat,Dozdill,bdozdilleb@alexa.com,Male,9voYS7J0Y2P
517,Cathee,Forseith,cforseithec@army.mil,Female,jSzwIfkCB
518,Giordano,Tweedy,gtweedyed@barnesandnoble.com,Male,aCvD7em
519,Ira,Cronin,icroninee@ox.ac.uk,Male,MSWG888l
520,Renie,Tavener,rtaveneref@examiner.com,Female,mFeWux2QJu
521,Sawyere,Roocroft,sroocrofteg@wisc.edu,Male,10NDlzIyX6gK
522,Lenette,Jersh,ljersheh@yellowbook.com,Female,K5BcJxpGcH
523,Ulrike,Tams,utamsei@berkeley.edu,Female,UwepGz2v6Bs
524,Rani,Trim,rtrimej@answers.com,Female,AM3gAisv
525,Gleda,Weatherill,gweatherillek@biglobe.ne.jp,Female,xk0xdm0
526,Pauli,De Freitas,pdefreitasel@mapy.cz,Female,N99KiAA69VF
527,Arney,Medley,amedleyem@free.fr,Male,TlgiQsupos
528,Matthus,Tangye,mtangyeen@ihg.com,Male,t8UP39lt
529,Devonna,Werrit,dwerriteo@soup.io,Female,iuD7j0XX7ow
530,Paolina,Perot,pperotep@seattletimes.com,Female,exN1lqDYvhHO
531,Puff,Maylard,pmaylardeq@eepurl.com,Male,EngJ9Gzy
532,Burr,Tudball,btudballer@google.nl,Male,hLJUx8
533,Yurik,Rainsdon,yrainsdones@canalblog.com,Male,brJB3d
534,Greg,Gaize,ggaizeet@scribd.com,Male,cE9wIER
535,Hobey,Bearfoot,hbearfooteu@senate.gov,Male,NiPfDfcttv
536,Sonnie,Newling,snewlingev@oracle.com,Female,ukDZL4P
537,Berrie,Rable,brableew@discuz.net,Female,4ogSSQzOH4aR
538,Randy,Asel,raselex@tuttocitta.it,Male,oOpCgZ487
539,Lonnie,Siverns,lsivernsey@aboutads.info,Male,iiUCHNs
540,Grata,Gerlack,ggerlackez@seattletimes.com,Female,rs7TRVGP
541,Annissa,Klementz,aklementzf0@yale.edu,Female,uS1YVfQ2vck
542,Margette,Pershouse,mpershousef1@google.co.jp,Female,OOFEDY83C3
543,Carey,Deamer,cdeamerf2@bing.com,Male,83FnleG984e7
544,Franni,Pidgeon,fpidgeonf3@hp.com,Female,6eAvsrfbeB
545,Concordia,Morin,cmorinf4@technorati.com,Female,HTH3ljPjg7
546,Douglas,Bitcheno,dbitchenof5@geocities.jp,Male,ud63R5wdngDr
547,Ashil,Bayfield,abayfieldf6@blinklist.com,Female,o9NBr1O
548,Berthe,Arderne,bardernef7@nasa.gov,Female,JP5XhnBJrhA
549,Konrad,Coburn,kcoburnf8@booking.com,Male,jhVB1iIuurD
550,Gallard,Mangan,gmanganf9@dailymotion.com,Male,eISxL47lI
551,Ezekiel,Gherardini,egherardinifa@t-online.de,Male,Z4sJuJv
552,Orran,Karadzas,okaradzasfb@unesco.org,Male,sKqWVfNwoom
553,Eyde,Dounbare,edounbarefc@walmart.com,Female,IzgOcGnkGD
554,Whit,Rheaume,wrheaumefd@va.gov,Male,NybeSw
555,Emmalynn,Chippindall,echippindallfe@chronoengine.com,Female,TjXRsisjxc9
556,Hazel,Branscombe,hbranscombeff@nymag.com,Female,wVnUBhBs
557,Addie,Rosenfield,arosenfieldfg@domainmarket.com,Female,jBcf9cjN
558,Barnabas,Ivkovic,bivkovicfh@un.org,Male,P3fb8r
559,Randa,Tran,rtranfi@booking.com,Female,jHQKQkI
560,Kesley,Bannerman,kbannermanfj@privacy.gov.au,Female,2HOMLUFs
561,Laverna,Hughes,lhughesfk@baidu.com,Female,yDLJCU
562,Andrea,Vido,avidofl@reference.com,Female,5j6WD4cU
563,Norby,Cheeke,ncheekefm@prweb.com,Male,1clihCyeGKA
564,Forest,Winborn,fwinbornfn@ycombinator.com,Male,Ij0QOPmfRJx
565,Flin,Bonas,fbonasfo@addthis.com,Male,6OoooGbpFtC5
566,Amandie,Carrivick,acarrivickfp@dropbox.com,Female,4W1N2m
567,Isabelle,Michelmore,imichelmorefq@multiply.com,Female,0tCUbsJ
568,Domingo,McNamee,dmcnameefr@bing.com,Male,3mL5BRfPxpB
569,Avigdor,Hadlow,ahadlowfs@ning.com,Male,DHGMorC
570,Hogan,Benallack,hbenallackft@dmoz.org,Male,TCtcgZ0O8Ws
571,Manfred,Culcheth,mculchethfu@networksolutions.com,Male,sg8T7ktn
572,Merridie,Duesberry,mduesberryfv@deviantart.com,Female,mvxgLg
573,Ethe,Forty,efortyfw@cdbaby.com,Male,x2lM2x
574,Germaine,Seville,gsevillefx@washington.edu,Male,pN3Uat
575,Clio,Lockyear,clockyearfy@techcrunch.com,Female,M9JQwbiJH
576,Kylila,Riddock,kriddockfz@discovery.com,Female,RKxNtvSZZ
577,Jolynn,Melanaphy,jmelanaphyg0@ustream.tv,Female,KpAPGQ
578,Gifford,Pembridge,gpembridgeg1@bigcartel.com,Male,kDmtnKH
579,Idelle,Carff,icarffg2@addthis.com,Female,63jLxj9eA
580,Donaugh,Chesnut,dchesnutg3@slate.com,Male,5IK00Sa5pw1
581,Hortensia,Lougheed,hlougheedg4@goo.gl,Female,pGQfy29PM8Yd
582,Sammy,Geldard,sgeldardg5@independent.co.uk,Female,xQ2klOLAHQ
583,Paco,Shepheard,pshepheardg6@quantcast.com,Male,LY57ZxNYUSx
584,Matti,Prinne,mprinneg7@dion.ne.jp,Female,4WvKuuzRj
585,Doralin,Dowdall,ddowdallg8@goodreads.com,Female,gx4fRxOspXKN
586,Muhammad,Townshend,mtownshendg9@ihg.com,Male,Kg9VYYH
587,Bonnie,Harbinson,bharbinsonga@wsj.com,Female,UoIwjVUvaw
588,Hermine,Fassan,hfassangb@uol.com.br,Female,ufynE8RaA
589,Angelina,Mayger,amaygergc@digg.com,Female,O7DvJ3Ibmzi
590,Nikolos,Rizzotto,nrizzottogd@mapy.cz,Male,v4bpZhVFayv
591,Edsel,Hulson,ehulsonge@discuz.net,Male,pUpPhTYI9HZ
592,Harbert,Faldoe,hfaldoegf@addtoany.com,Male,jOuoxM
593,Ibby,Heyns,iheynsgg@creativecommons.org,Female,w2vLFHKV
594,Adolphus,Wolfendell,awolfendellgh@china.com.cn,Male,otok8x1W
595,Trent,Langthorne,tlangthornegi@jimdo.com,Male,iMUx3W
596,Jania,Panton,jpantongj@rakuten.co.jp,Female,RT9BImSqcLr
597,Anna,Starzaker,astarzakergk@mtv.com,Female,2t4FHNHG
598,Nikolaos,Baser,nbasergl@usda.gov,Male,pUfsP0UhL
599,Ebeneser,Tomanek,etomanekgm@walmart.com,Male,EGZyv4Gfd1n
600,Aundrea,Armor,aarmorgn@flickr.com,Female,wOiNCjXf
601,Alberik,Burling,aburlinggo@discuz.net,Male,avFRN2u
602,Cosetta,Sherbourne,csherbournegp@bbc.co.uk,Female,qds1ilZ
603,Gerhard,Beminster,gbeminstergq@cbslocal.com,Male,eL3cnfVl2P
604,Vincent,Cartin,vcartingr@netlog.com,Male,bjnNTWqe
605,Carri,Hatherley,chatherleygs@china.com.cn,Female,4ZeDOKZHorGK
606,Guenna,Bernlin,gbernlingt@wisc.edu,Female,MuotCMmhC3D
607,Brigitta,Danielovitch,bdanielovitchgu@nytimes.com,Female,GE8bQ0rMs
608,Kane,Payler,kpaylergv@baidu.com,Male,8V2XNad
609,Jane,Maffiotti,jmaffiottigw@mit.edu,Female,jlhcC1zq
610,Doy,Cullon,dcullongx@ted.com,Male,aquL6v82V69h
611,Ingelbert,Woollends,iwoollendsgy@npr.org,Male,avP6zvfkws
612,Harman,Hindmoor,hhindmoorgz@phpbb.com,Male,KvRf5s7Q8NRG
613,Pippa,Affuso,paffusoh0@live.com,Female,Zl4qEY1xJ63Q
614,Simone,Rappoport,srappoporth1@bloglovin.com,Male,9gScet
615,Frederique,Bines,fbinesh2@nature.com,Female,EwZqGUg
616,Dov,Kittredge,dkittredgeh3@bloglovin.com,Male,1ieaR0
617,Rhoda,O'Howbane,rohowbaneh4@simplemachines.org,Female,ygY9EQ3
618,Leeanne,Gillean,lgilleanh5@discuz.net,Female,fqKSY1Wz
619,Shelby,Pullman,spullmanh6@google.de,Female,OD6e40vn
620,Shannon,Jakubczyk,sjakubczykh7@virginia.edu,Male,GOKhZqgwZHM
621,Brandy,Mawer,bmawerh8@amazon.com,Male,4kwTOUA
622,Dena,Dumbreck,ddumbreckh9@yolasite.com,Female,d36Srs9jpBT
623,Wilt,Manifield,wmanifieldha@ow.ly,Male,i2fAtGrxKP
624,Marcie,Brixey,mbrixeyhb@oracle.com,Female,DIPtGc9X
625,Granthem,McShane,gmcshanehc@freewebs.com,Male,q8OFNJCg
626,Antoine,Trusler,atruslerhd@shareasale.com,Male,4FJydpN7E
627,Tabby,Prandini,tprandinihe@slate.com,Male,7I0vok
628,Arvin,Foucard,afoucardhf@miibeian.gov.cn,Male,bXZiZSZvP3C
629,Boot,Raye,brayehg@theguardian.com,Male,FbGRuuTwJ223
630,Tallie,Cline,tclinehh@netlog.com,Male,9PhPOBqd
631,Shelli,Flippen,sflippenhi@berkeley.edu,Female,xfy6SelZs
632,Sheff,Colthard,scolthardhj@vistaprint.com,Male,kipUpT0
633,Bord,Snaith,bsnaithhk@twitter.com,Male,icz1sf
634,Gordan,Stanner,gstannerhl@narod.ru,Male,uzLx7vVAH
635,Nowell,Moule,nmoulehm@nationalgeographic.com,Male,umKV9iG
636,Cristen,Burdoun,cburdounhn@linkedin.com,Female,qNDvbC
637,Carly,Farthing,cfarthingho@admin.ch,Male,5ErPB4RB6g5R
638,Francklin,Huston,fhustonhp@irs.gov,Male,kdtaTu9ff
639,Alexis,Shilvock,ashilvockhq@sogou.com,Female,s6fy9TdIvL9
640,Corly,Le Noir,clenoirhr@stumbleupon.com,Female,AuJryRP1P6
641,Camala,Ragot,cragoths@vinaora.com,Female,4z4Nn0xR9
642,Giles,Brunning,gbrunninght@facebook.com,Male,tW2GipDH0
643,Alvy,Saban,asabanhu@mtv.com,Male,ntRgdM
644,Clemente,Shoebridge,cshoebridgehv@hud.gov,Male,uQalDEj
645,Purcell,Screach,pscreachhw@craigslist.org,Male,3nXx4V
646,Elias,Rosenzwig,erosenzwighx@ca.gov,Male,c3OaCh
647,Ange,Cicutto,acicuttohy@imgur.com,Male,zWbcQw
648,Lalo,Hutchason,lhutchasonhz@vk.com,Male,jLK6KC7
649,Chen,Bassham,cbasshami0@wp.com,Male,u1l8To
650,Grier,Easthope,geasthopei1@myspace.com,Female,d4ax5fOXgJw
651,Clive,Elwood,celwoodi2@rediff.com,Male,bnTtGv
652,Mylo,Jillings,mjillingsi3@ameblo.jp,Male,6ov2cN4r
653,Jefferson,Beattie,jbeattiei4@omniture.com,Male,lR9v4LdOGK
654,Raquel,Buckner,rbuckneri5@bizjournals.com,Female,xPBNSF4wyKWc
655,Danit,Capell,dcapelli6@wix.com,Female,yko5k1o
656,Maisie,Adame,madamei7@bravesites.com,Female,Idbe1ZU79B
657,Ralph,Kenlin,rkenlini8@macromedia.com,Male,CDFdDnWs1
658,Anallise,Sedcole,asedcolei9@google.de,Female,IUjoS4b
659,Emerson,Rodgerson,erodgersonia@yolasite.com,Male,zR7R0OJPTBv
660,Harriott,Wain,hwainib@yelp.com,Female,YDrUgrYm
661,Maxie,Atton,mattonic@ebay.com,Male,xXXsetvY
662,Sheryl,Dukes,sdukesid@pbs.org,Female,MFQf1uM0USQ
663,Giacopo,Dudson,gdudsonie@chicagotribune.com,Male,bZ4lBH46
664,Quincey,Tampion,qtampionif@taobao.com,Male,HuSKgn0mB
665,Amii,Hearfield,ahearfieldig@free.fr,Female,CsOcl4LKG
666,Pier,Boutton,pbouttonih@photobucket.com,Female,rqJt0kuvQBor
667,Armstrong,Raggett,araggettii@pinterest.com,Male,QT5UVm
668,Percival,Daice,pdaiceij@cdbaby.com,Male,7CcDW0Dsa8
669,Birk,McEnery,bmceneryik@economist.com,Male,xgD4q6s1
670,Carlynn,Ambrosoni,cambrosoniil@fastcompany.com,Female,95sgAqyQePZ
671,Shawna,Gumn,sgumnim@weibo.com,Female,tqQaSj
672,Edouard,Scrancher,escrancherin@si.edu,Male,4SnsErtriC
673,Johanna,Bruhnicke,jbruhnickeio@china.com.cn,Female,Q3efMRQ
674,Martguerita,Pozer,mpozerip@china.com.cn,Female,iVsn6PjbN
675,Rand,Goncalo,rgoncaloiq@netlog.com,Male,IQes6PNm
676,Vanda,Farndale,vfarndaleir@answers.com,Female,b1lqZMKsfG
677,Latashia,Jacqueme,ljacquemeis@furl.net,Female,xrKvC8QQx
678,Franchot,Dainty,fdaintyit@techcrunch.com,Male,i0dLsnSQf
679,Ronni,Kurten,rkurteniu@digg.com,Female,r5u4Om
680,Hildegaard,Ceyssen,hceysseniv@bing.com,Female,JnTcEgaeJOcI
681,Caroljean,Steel,csteeliw@blogspot.com,Female,hMpIuH
682,Frants,Eard,feardix@phoca.cz,Male,KJC1uxfLxH
683,Avis,Pullman,apullmaniy@mozilla.com,Female,lAaMHxTsj
684,Nora,Jacklings,njacklingsiz@taobao.com,Female,4Gul8YSE7m
685,Maegan,Annand,mannandj0@wikimedia.org,Female,yhxLT0H
686,Angelico,Dewes,adewesj1@army.mil,Male,WAqgGifjkuuj
687,Dannie,Yokel,dyokelj2@theglobeandmail.com,Female,czRr5tJ5iC
688,Gawain,Pering,gperingj3@simplemachines.org,Male,i78IobdFIR
689,Lexis,Hogbin,lhogbinj4@census.gov,Female,QzUpFNQnj
690,Ashley,Vasler,avaslerj5@bigcartel.com,Female,cJj7Vp70QKRg
691,Kelly,Effemy,keffemyj6@ft.com,Female,BU2Tl7M
692,Stacy,Brimmacombe,sbrimmacombej7@reuters.com,Male,SRXsxY
693,Terrijo,Ubsdall,tubsdallj8@princeton.edu,Female,jQ83lK
694,Boony,Jacobowitz,bjacobowitzj9@soup.io,Male,0QTO0J
695,Skyler,Newdick,snewdickja@lycos.com,Male,3zrPMe
696,Hadria,Critcher,hcritcherjb@mapquest.com,Female,BpW5Vn
697,Mylo,Lintin,mlintinjc@ycombinator.com,Male,SoZovGewRdsE
698,Benjamen,Bracchi,bbracchijd@ca.gov,Male,LrjQXdG
699,Giuseppe,Hackwell,ghackwellje@smh.com.au,Male,IN9QxikYszM
700,Bartholomeus,Rawet,brawetjf@soundcloud.com,Male,sJRnhwR
701,Hilly,Benda,hbendajg@liveinternet.ru,Male,mwFj5ORVnPs
702,Bria,Simpson,bsimpsonjh@hud.gov,Female,CZGx1g
703,Zerk,Glavin,zglavinji@tiny.cc,Male,1v2suceXCLh
704,Garwood,Hellen,ghellenjj@prweb.com,Male,EoJatr8
705,Garold,Kingsley,gkingsleyjk@salon.com,Male,eR1tlU2QIjiy
706,Lonnie,Killen,lkillenjl@whitehouse.gov,Male,SwLHZ0cA9QdC
707,Sile,North,snorthjm@kickstarter.com,Female,XYBeu8XMGs3
708,Kristy,Pomery,kpomeryjn@freewebs.com,Female,Pbp3sJEwB
709,Mehetabel,Keen,mkeenjo@fc2.com,Female,gfZkib
710,Keefe,Prettyjohns,kprettyjohnsjp@so-net.ne.jp,Male,mgCALhroNRU
711,Merry,Yoxen,myoxenjq@redcross.org,Female,HkWGLR0KP
712,Bendick,Garces,bgarcesjr@slate.com,Male,PKOOv8O2
713,Avictor,Surgen,asurgenjs@deviantart.com,Male,r7Eyyw4hNWK
714,Riccardo,Lutton,rluttonjt@geocities.jp,Male,d6Id6l0kPaV
715,Joanne,Rangle,jrangleju@technorati.com,Female,Hn3mMhRGBR
716,Kalil,Kubatsch,kkubatschjv@wikimedia.org,Male,dmVzC2
717,Lucila,Wrefford,lwreffordjw@ask.com,Female,EazJcPhzqg
718,Ennis,Belli,ebellijx@theguardian.com,Male,ApuKZAehvN
719,Gratiana,Creswell,gcreswelljy@salon.com,Female,jFonGZjMqt
720,Carver,Bernt,cberntjz@whitehouse.gov,Male,K8MDvxV
721,Rhea,MacKeague,rmackeaguek0@harvard.edu,Female,mdHPmcx72
722,Charlotte,Mongain,cmongaink1@fotki.com,Female,iaafLp
723,Tanny,Bartolozzi,tbartolozzik2@sbwire.com,Male,Y1FEc6ZpUWLn
724,Zaneta,Preshaw,zpreshawk3@upenn.edu,Female,4Fqp791wY
725,Garv,Rockey,grockeyk4@qq.com,Male,tw5JHrgmZ1
726,Sheba,MacConnel,smacconnelk5@chicagotribune.com,Female,PPQIzRJzo8U
727,Thelma,Batcock,tbatcockk6@arizona.edu,Female,S3Rpdv1z9C
728,Zebulon,Alldridge,zalldridgek7@barnesandnoble.com,Male,Qxsu14DwOrdF
729,Roxine,Skillen,rskillenk8@time.com,Female,HND6JG7
730,Ernestine,Gorst,egorstk9@hostgator.com,Female,tFKkFr
731,Pasquale,Bend,pbendka@xing.com,Male,xkrcBr8uD
732,Jerad,Kittredge,jkittredgekb@disqus.com,Male,nhogjd
733,Cass,Sondland,csondlandkc@joomla.org,Male,waIy4otx
734,Anni,Muzzall,amuzzallkd@people.com.cn,Female,HHNdhUy
735,Ashlee,Lunney,alunneyke@chron.com,Female,EjO3X41GeVp
736,Ajay,Hazzard,ahazzardkf@desdev.cn,Female,Pgmi0ltx
737,Elisha,Kyles,ekyleskg@yolasite.com,Female,9wqs3ixzPQq
738,Fernando,McArdell,fmcardellkh@stanford.edu,Male,xkt637
739,Upton,Spurman,uspurmanki@microsoft.com,Male,g4dNpQmtD
740,Lily,Debrick,ldebrickkj@wsj.com,Female,wmuM5ved
741,Kiele,Swannick,kswannickkk@yellowbook.com,Female,DKi1oq51
742,Basia,Yeardsley,byeardsleykl@vimeo.com,Female,dMFrFZHH
743,Marlena,Isted,mistedkm@yale.edu,Female,WnZlXdi
744,Luella,Gaucher,lgaucherkn@reuters.com,Female,ENn0j52vR
745,Fabio,Carville,fcarvilleko@blinklist.com,Male,TmOJrdAhe
746,Harwilll,Arsnell,harsnellkp@twitpic.com,Male,BCnMnMkpT
747,Gloriana,De Maine,gdemainekq@merriam-webster.com,Female,pkpebOqAC3d
748,Berti,Vanstone,bvanstonekr@sbwire.com,Male,VOrbSeg4K
749,Hal,Falck,hfalckks@walmart.com,Male,JGtDVgG0PV
750,Kean,Pykett,kpykettkt@cbc.ca,Male,3OQxG8Q8qq
751,Marve,Unwins,munwinsku@unicef.org,Male,YmcG0H5c2
752,Federico,Bounde,fboundekv@blogspot.com,Male,lfBRklXikZ
753,Seamus,Turville,sturvillekw@dailymail.co.uk,Male,4DkagIW1crP
754,Fran,Worsnap,fworsnapkx@springer.com,Male,Ae832mRp
755,Thorn,Thome,tthomeky@admin.ch,Male,rOE7ThZF6
756,Serge,Sweeting,ssweetingkz@youtu.be,Male,N7m8Fs37Sa
757,Elroy,Dallon,edallonl0@dropbox.com,Male,5P5muL5jA
758,Concettina,Rennocks,crennocksl1@berkeley.edu,Female,4ySaZAlvr
759,Rowland,Windridge,rwindridgel2@csmonitor.com,Male,WzuxCVhVxpt
760,Eugine,Munning,emunningl3@ft.com,Female,4LapySca1B
761,Allin,Chattoe,achattoel4@chron.com,Male,SNsmqOuTCZid
762,Kyla,Statefield,kstatefieldl5@a8.net,Female,kkyAzbyNHLGn
763,Rochette,Meaddowcroft,rmeaddowcroftl6@java.com,Female,9gGJGoz
764,Rickey,Ebdon,rebdonl7@facebook.com,Male,L9gRXK4Iir
765,Rudiger,Cowterd,rcowterdl8@aboutads.info,Male,4KUuGDI1g
766,Sarena,Santry,ssantryl9@goo.ne.jp,Female,2fUsoUqOoBS
767,Anallise,Bosse,abossela@simplemachines.org,Female,XqComS
768,Baillie,Joslin,bjoslinlb@sitemeter.com,Male,ZbX7uHqicS
769,Hartwell,Lyptrade,hlyptradelc@seattletimes.com,Male,k4dYVVwhOciZ
770,Boote,Titcomb,btitcombld@51.la,Male,iy2cp16SEha
771,Bastian,Crockford,bcrockfordle@vistaprint.com,Male,vQIfWSy5MK
772,Ernaline,Weems,eweemslf@earthlink.net,Female,9X3y3rQD06q
773,Godard,Jerche,gjerchelg@opera.com,Male,BhFcR7purZ
774,Sibilla,Crowcum,scrowcumlh@acquirethisname.com,Female,cMf9h5e
775,Ashley,Drain,adrainli@biglobe.ne.jp,Female,SMfrIuvqt
776,Daffy,McCague,dmccaguelj@tumblr.com,Female,Sd44kT9
777,Blake,Messenger,bmessengerlk@newsvine.com,Male,GzKRC0KG5mG
778,Aaren,Marchant,amarchantll@indiatimes.com,Female,OCNeSz5DPM
779,Barrett,Danels,bdanelslm@scribd.com,Male,aSqFZpIcT
780,Annetta,O'Neary,aonearyln@etsy.com,Female,bROiVk
781,Charley,Fardell,cfardelllo@1und1.de,Male,aNJy84XL656
782,Eleonore,Duester,eduesterlp@indiegogo.com,Female,1W2H2I
783,Sada,Taks,stakslq@whitehouse.gov,Female,53uyZ69eQL
784,Hanny,Desvignes,hdesvigneslr@unesco.org,Female,a30yr7
785,Morty,Ommanney,mommanneyls@bbb.org,Male,j9P8FQY8
786,Alaric,Aldam,aaldamlt@hatena.ne.jp,Male,sjngZg1h5o
787,Giacinta,Housego,ghousegolu@apache.org,Female,e0tULLYe
788,Sisile,Chaffey,schaffeylv@harvard.edu,Female,nSZJz0H
789,Alvira,Risley,arisleylw@php.net,Female,xOULAd31kiY
790,Casandra,Parnell,cparnelllx@vinaora.com,Female,kQPsxYOGzytE
791,Evvy,Manners,emannersly@is.gd,Female,hvvPCLfqsyyw
792,Margette,Leathwood,mleathwoodlz@networkadvertising.org,Female,mEWXlDiz52
793,Theo,Caiger,tcaigerm0@studiopress.com,Male,TEQIEmEtrXbY
794,Antin,Allchorne,aallchornem1@netscape.com,Male,tJA7uqR20WS2
795,Fanni,Pesticcio,fpesticciom2@cafepress.com,Female,66rpRm
796,Robbyn,Russell,rrussellm3@fc2.com,Female,gRiyI1Pmt
797,Anatol,Karmel,akarmelm4@nationalgeographic.com,Male,ioGheP
798,Janos,Dorin,jdorinm5@time.com,Male,8rUvlpfbaAbZ
799,Yalonda,Pischof,ypischofm6@plala.or.jp,Female,xqQKX6A
800,Melicent,Reolfo,mreolfom7@plala.or.jp,Female,Wf2mhwd
801,Sonni,Kettow,skettowm8@marriott.com,Female,UrE3S3Y2
802,Sherie,Linkie,slinkiem9@google.cn,Female,qr5od8
803,Rees,Letteresse,rletteressema@census.gov,Male,ma9ezDuVnp
804,Kristofer,Joanic,kjoanicmb@timesonline.co.uk,Male,ZKBO1nSAYHT
805,Nonna,Delgadillo,ndelgadillomc@desdev.cn,Female,b3jxE5bd
806,Sylvia,McCloud,smccloudmd@ask.com,Female,ZnIE6rPWXNl
807,Lillis,McGinley,lmcginleyme@youtu.be,Female,870N4KahH
808,Lorraine,McKeever,lmckeevermf@1688.com,Female,gRmwqgp
809,Almeria,Willatts,awillattsmg@storify.com,Female,oV3WlaPD
810,Rafi,Ayliff,rayliffmh@nyu.edu,Male,O1RQCDZbJ
811,Mariya,Titta,mtittami@qq.com,Female,FutTZVkElU5K
812,Udell,Roundtree,uroundtreemj@skyrock.com,Male,oVvL6VS85
813,Romonda,McArte,rmcartemk@icio.us,Female,tJ1yflM
814,Iolanthe,Gorriessen,igorriessenml@goo.gl,Female,1Mg8chSrfd5
815,Hermon,Bathow,hbathowmm@cloudflare.com,Male,6pBOHlY
816,Gris,Winters,gwintersmn@comcast.net,Male,HBispV
817,Marion,Gillies,mgilliesmo@wordpress.com,Male,fckwUJ6
818,Nicola,Awty,nawtymp@ed.gov,Male,zn4loAsD
819,Elana,Lghan,elghanmq@geocities.jp,Female,mTGXEvqExZa4
820,Shelba,Arnald,sarnaldmr@joomla.org,Female,ChevWZqazpM
821,Mackenzie,Sallan,msallanms@opera.com,Male,hVmIgs500Bb
822,Liana,Layus,llayusmt@pagesperso-orange.fr,Female,c84nsm
823,Grace,Kenneford,gkennefordmu@smugmug.com,Female,UEX0eP26xWh4
824,Torey,Sivior,tsiviormv@thetimes.co.uk,Male,mCS6nMiV
825,Dell,Broscombe,dbroscombemw@sogou.com,Female,adUuaegeyk4h
826,Allie,O'Rudden,aoruddenmx@cornell.edu,Male,0stV420o1Ys
827,Westbrook,Allwell,wallwellmy@symantec.com,Male,zDUCoF
828,Conn,Besant,cbesantmz@cpanel.net,Male,lquulb0
829,Nerissa,Bachelor,nbachelorn0@state.gov,Female,XNiYBaFL
830,Dickie,Koopman,dkoopmann1@opensource.org,Male,nnXfh3iz
831,Faythe,Loughhead,floughheadn2@amazon.com,Female,2sAbP8kXRVo
832,Elmira,Shires,eshiresn3@prnewswire.com,Female,LuudeCj
833,Benedick,Mil,bmiln4@scribd.com,Male,LEbuKwK8083
834,Dare,Owbrick,dowbrickn5@ucoz.com,Male,fT8r5it8
835,Brook,MacKilroe,bmackilroen6@yahoo.co.jp,Female,8fsmYuwlGo2I
836,Elsie,Crannis,ecrannisn7@gnu.org,Female,wqeLNWeRren
837,Corette,Houseman,chousemann8@pagesperso-orange.fr,Female,shyUGa
838,Nataline,Swadlinge,nswadlingen9@ted.com,Female,eqbsOVlKM
839,Kathy,Vest,kvestna@cisco.com,Female,GxxACATQrA
840,Dayle,Dodgshon,ddodgshonnb@myspace.com,Female,hlVnia1QBe44
841,Jean,Brando,jbrandonc@va.gov,Male,fpZXjs4BhCva
842,Rona,Keirl,rkeirlnd@phpbb.com,Female,liFygOK
843,Grover,Fardo,gfardone@youku.com,Male,ujP27fbRkF
844,Eveleen,Perutto,eperuttonf@pbs.org,Female,DesvFVm4D7Y1
845,Ibrahim,Ovenden,iovendenng@techcrunch.com,Male,RfPGtiAE
846,Ringo,Axell,raxellnh@woothemes.com,Male,NiFX36xHS
847,Monro,Rosin,mrosinni@prlog.org,Male,nUiAeY4
848,Willdon,Goor,wgoornj@cdc.gov,Male,TW7FzWLSju
849,Zollie,Dockray,zdockraynk@diigo.com,Male,K5C91L
850,Xaviera,Alliban,xallibannl@furl.net,Female,Ugo6ss
851,Daloris,Perrone,dperronenm@trellian.com,Female,sALP5Qbw
852,Hamlen,Massey,hmasseynn@walmart.com,Male,SGPBi9ci7k
853,Fax,Riteley,friteleyno@i2i.jp,Male,6ZZyznE
854,Bonnibelle,Isaaksohn,bisaaksohnnp@pcworld.com,Female,k7pQZo
855,Aggi,Farrin,afarrinnq@sourceforge.net,Female,DZJUut
856,Glyn,Greaser,ggreasernr@indiegogo.com,Female,viME3a9v
857,Samuele,Brimson,sbrimsonns@google.com,Male,oqRv4Ghe9ZW
858,Irma,Gokes,igokesnt@amazon.com,Female,w8tmZ4MryTdp
859,Guthrey,Lucus,glucusnu@typepad.com,Male,dJkvgiAiecx
860,Ashton,Burdytt,aburdyttnv@tripadvisor.com,Male,NAf7fHH
861,Hana,Sorey,hsoreynw@nba.com,Female,2vdrpF8u
862,Shelly,Julien,sjuliennx@nbcnews.com,Female,k3FO7yBDR
863,Honor,Paradise,hparadiseny@bandcamp.com,Female,DyW5oCjwLcB
864,Thorndike,Farran,tfarrannz@ifeng.com,Male,KpVQs8SBWNBr
865,Nicolis,Menary,nmenaryo0@youtube.com,Male,MTbYNcu
866,Richmond,Claesens,rclaesenso1@npr.org,Male,IdV5VBX
867,Nanete,Peperell,npeperello2@virginia.edu,Female,MMkGAaYRxX
868,Avis,Hubber,ahubbero3@squidoo.com,Female,aoCgJY5R
869,Mack,Geraud,mgeraudo4@so-net.ne.jp,Male,4aNaGN
870,Clemens,Beane,cbeaneo5@who.int,Male,0pyYxaBeEn9
871,Tracey,Cristofolo,tcristofoloo6@livejournal.com,Male,uTeOWaDCWl
872,Tomas,Sharply,tsharplyo7@mayoclinic.com,Male,DOQOY2O1iQb
873,Oberon,Oakwell,ooakwello8@amazon.de,Male,A5hocWQ
874,Tony,Somerville,tsomervilleo9@linkedin.com,Male,ZafoR8A
875,Kayla,Willoughby,kwilloughbyoa@google.ca,Female,RDiISg
876,Victoria,Empson,vempsonob@mtv.com,Female,yNLGOGc
877,Alessandro,Fiddian,afiddianoc@amazon.co.jp,Male,Epf7xEpY
878,Yetty,Orvis,yorvisod@netlog.com,Female,mYs968H1gc
879,Patten,Gascar,pgascaroe@nytimes.com,Male,IeBYf2fmONyc
880,Humberto,Bullimore,hbullimoreof@imgur.com,Male,3tEbjbNJrkKF
881,Kristopher,Bevington,kbevingtonog@edublogs.org,Male,e7gqTbeRPctZ
882,Catherina,Pocknell,cpocknelloh@examiner.com,Female,GnDezJSp
883,Jobi,Delooze,jdeloozeoi@senate.gov,Female,VF5JhvDGdzl
884,Janeen,Bauduccio,jbauducciooj@gmpg.org,Female,Smlup9
885,Anna-diana,Macia,amaciaok@reference.com,Female,dQ1Z2s
886,Obediah,Giovanetti,ogiovanettiol@live.com,Male,OQPcRE
887,Jordanna,Kasting,jkastingom@goo.ne.jp,Female,wl0GGtXSTilJ
888,Ilysa,Orrell,iorrellon@yahoo.co.jp,Female,BvKq3Qkur
889,Fionnula,Rathjen,frathjenoo@epa.gov,Female,ihnj1yk92B
890,Nicolis,Theodore,ntheodoreop@naver.com,Male,gGCiH8G0zN
891,Simon,Abraham,sabrahamoq@artisteer.com,Male,uAUEezMY
892,Korry,Aleksandrikin,kaleksandrikinor@hexun.com,Female,p5zWZd
893,Georgette,Romao,gromaoos@wix.com,Female,lIYXnPJ
894,Arabela,Cristol,acristolot@mapquest.com,Female,Jr1sp2B
895,Gerrard,Pendleberry,gpendleberryou@wikipedia.org,Male,gip4KG
896,Donovan,Gerred,dgerredov@howstuffworks.com,Male,LMZy6ez
897,Kalindi,Jordin,kjordinow@sun.com,Female,PsJplNQjtW
898,Juditha,Schoenfisch,jschoenfischox@elegantthemes.com,Female,UDCi6b8
899,Herschel,Pauel,hpaueloy@eventbrite.com,Male,iI6TAM06XU
900,Gypsy,McGannon,gmcgannonoz@studiopress.com,Female,2WuhQTLX
901,Grissel,Briereton,gbrieretonp0@yale.edu,Female,XHiYQFWX
902,Rriocard,Gilbody,rgilbodyp1@weibo.com,Male,uvc9yZUSS
903,Jodi,Flemming,jflemmingp2@rambler.ru,Male,YKT2hjU91jHO
904,Skell,Hoyland,shoylandp3@boston.com,Male,wji92XgBP
905,Carolin,Pestricke,cpestrickep4@about.com,Female,Np3tHL7sPa
906,Collie,McCraine,cmccrainep5@studiopress.com,Female,PdWmCHQHRI5j
907,Jackson,Richen,jrichenp6@reddit.com,Male,6QcfePfNctp
908,Wyndham,Gerring,wgerringp7@fc2.com,Male,o4unheHg
909,Roarke,Dunford,rdunfordp8@ted.com,Male,pFbdkv
910,Kylie,Ramiro,kramirop9@ed.gov,Male,NndAigUhHyE
911,Karlik,Sanday,ksandaypa@salon.com,Male,p5yP3o8be
912,Robbi,Mainds,rmaindspb@a8.net,Female,2c8gHB
913,Paige,Blaase,pblaasepc@wordpress.com,Female,kHkIv53gifq
914,Titos,Pawlyn,tpawlynpd@ow.ly,Male,VQEHv1
915,Nehemiah,McPhater,nmcphaterpe@nhs.uk,Male,hIrtxN51IT
916,Wilfrid,Danniel,wdannielpf@alexa.com,Male,6pwb3kC02H
917,Nilson,Edmead,nedmeadpg@fema.gov,Male,FoUHXAvs6CH
918,Collete,Spoure,cspoureph@amazonaws.com,Female,TUWL8Tz
919,Gladi,Parlott,gparlottpi@liveinternet.ru,Female,UTuQy0
920,Holmes,Miner,hminerpj@amazon.co.uk,Male,H6AbdRqy
921,Maureen,Lipp,mlipppk@tinyurl.com,Female,aYdJQC
922,Binni,Pulley,bpulleypl@cbsnews.com,Female,r2dbMvxGnUAo
923,Edna,Walewski,ewalewskipm@dmoz.org,Female,AAvBh2GCW
924,Friedrich,Keme,fkemepn@ocn.ne.jp,Male,A9PtheiFDg2
925,Devin,Jelliman,djellimanpo@123-reg.co.uk,Male,Sr4VBDmv
926,Darrin,Carlon,dcarlonpp@issuu.com,Male,uqFyGIJjpm
927,Gerladina,Gregorace,ggregoracepq@upenn.edu,Female,u8wcE7J
928,Waldon,Beggini,wbegginipr@prlog.org,Male,Mup24su
929,Hillel,Durrant,hdurrantps@squidoo.com,Male,xS9NuF
930,Darby,Heatley,dheatleypt@mashable.com,Female,WYInbPfmIze7
931,Merrily,Frantzen,mfrantzenpu@photobucket.com,Female,zYzBUMQ2
932,Edsel,Casolla,ecasollapv@telegraph.co.uk,Male,zVCDJgsFXx
933,Ranique,Blackeby,rblackebypw@163.com,Female,YbNcRHlsnBd
934,Kippie,Langfitt,klangfittpx@exblog.jp,Male,nXFEgHYRNHKn
935,Thornton,Bucknell,tbucknellpy@list-manage.com,Male,7GbwJp0x
936,Rachelle,Boylan,rboylanpz@blogger.com,Female,vXEOWwzbtZ
937,Averell,Scourgie,ascourgieq0@mail.ru,Male,Z1WBIjHtT
938,Somerset,Simunek,ssimunekq1@miibeian.gov.cn,Male,7i5bPIG
939,Truman,Bangle,tbangleq2@nyu.edu,Male,ctkFElIJI5Iz
940,Eadmund,Tourville,etourvilleq3@vkontakte.ru,Male,g751TyUVuJP
941,Ethel,Tooke,etookeq4@virginia.edu,Female,wy5PtdG
942,Shanie,Gerrad,sgerradq5@independent.co.uk,Female,WSnhYkj
943,Hilario,Saunier,hsaunierq6@fema.gov,Male,rAHc9wKm6
944,Angie,Casassa,acasassaq7@about.com,Male,nxBPTee4a3
945,Byrom,Atkinson,batkinsonq8@upenn.edu,Male,7F8Ev5Z
946,Ralph,Hubner,rhubnerq9@weebly.com,Male,j4xS6QoMyj
947,Whittaker,Titchen,wtitchenqa@sakura.ne.jp,Male,QWDuGZccpx2
948,Rufus,Le Estut,rleestutqb@businesswire.com,Male,YHJPeuheV
949,Justus,Loseke,jlosekeqc@marriott.com,Male,T1sOSwlwu
950,Sax,Mollatt,smollattqd@marketwatch.com,Male,IuWutRz
951,Billye,Parnell,bparnellqe@twitter.com,Female,1hKPz9HHA
952,Magdalen,Healy,mhealyqf@hibu.com,Female,LnBREspeyIwL
953,Pierson,Kemwal,pkemwalqg@economist.com,Male,SMPsgDfWP
954,Jeannine,Meredith,jmeredithqh@ebay.co.uk,Female,Ny9W1EhXUKvg
955,Sly,Jedrasik,sjedrasikqi@hexun.com,Male,IQQk3r2gCeMj
956,Alair,Gooch,agoochqj@dropbox.com,Male,mxCmtguSlVv
957,Etan,Dome,edomeqk@w3.org,Male,6vBXiC
958,Raleigh,Parnby,rparnbyql@seattletimes.com,Male,0D6LaBe0Vw37
959,Loren,Acheson,lachesonqm@seesaa.net,Female,rusXi2UAfIe
960,Bebe,Domek,bdomekqn@ed.gov,Female,QEVdmk9FEe
961,Herve,Stockton,hstocktonqo@nymag.com,Male,LeegPoBnQs
962,Muffin,Tappin,mtappinqp@deviantart.com,Male,TZVsjX
963,Nappie,Holson,nholsonqq@tripadvisor.com,Male,MQ2PPgVkRv
964,Onofredo,Ellerton,oellertonqr@sbwire.com,Male,rsYnStjXIo5
965,Jillene,Roxburch,jroxburchqs@abc.net.au,Female,Wf3pK2B2PQ3
966,Falkner,Mapother,fmapotherqt@buzzfeed.com,Male,yNneNj
967,Geoffrey,Merwood,gmerwoodqu@nifty.com,Male,lZYfFAVBOlCf
968,Vania,Ramble,vrambleqv@ask.com,Female,9J2IS3BBG6q
969,Elden,Local,elocalqw@cnn.com,Male,tKNGxiBJj4
970,Erskine,McCandless,emccandlessqx@telegraph.co.uk,Male,gi9mNcX
971,Dal,Mc Faul,dmcfaulqy@fda.gov,Male,4E08yn9cY
972,Cordell,Larwood,clarwoodqz@usda.gov,Male,u6HGirT3kw
973,Cece,Mainston,cmainstonr0@symantec.com,Male,5Hig9vzYm
974,Zane,Dowzell,zdowzellr1@vistaprint.com,Male,1TjNHMp
975,Allison,Fullegar,afullegarr2@cnet.com,Female,jBZmo6yO7z
976,Timothy,Pittwood,tpittwoodr3@wordpress.com,Male,DYZQwE
977,Arda,Wanstall,awanstallr4@parallels.com,Female,G2dKRhpcx
978,Emmie,Snowdon,esnowdonr5@uiuc.edu,Female,WrbMcwTv1
979,Kenn,McMurray,kmcmurrayr6@mail.ru,Male,mJllxQcABI
980,Torrance,Hirjak,thirjakr7@plala.or.jp,Male,oWH3kZgo
981,Max,Itzcovichch,mitzcovichchr8@cargocollective.com,Male,tduxDghxxDA
982,Georgetta,Laxton,glaxtonr9@hc360.com,Female,WBrCSBKU
983,Blair,Peschmann,bpeschmannra@e-recht24.de,Male,X9P4aCQ
984,Adelle,Werendell,awerendellrb@ustream.tv,Female,L48LHTiCW
985,Mariellen,Wrought,mwroughtrc@economist.com,Female,1dqLMQGNUU8
986,Erica,Magnay,emagnayrd@blog.com,Female,4iCBsQrHP
987,Artie,Merrgan,amerrganre@columbia.edu,Male,uTkYcEIRWHE1
988,Ethelind,Popplewell,epopplewellrf@smh.com.au,Female,TXNMtnNuPw
989,Felipe,Verralls,fverrallsrg@jimdo.com,Male,ga0bBJ3UD
990,Eugene,Le Galle,elegallerh@php.net,Male,CBjWbk
991,Lavina,Hodcroft,lhodcroftri@businesswire.com,Female,fMffe4g
992,Tiena,Tiler,ttilerrj@google.it,Female,WUTOMHdhFOU
993,Bald,Leyband,bleybandrk@blogtalkradio.com,Male,qXSGbCvTqL
994,Dulcie,Kermode,dkermoderl@gravatar.com,Female,TPkRK5cuY
995,Hakim,Purvess,hpurvessrm@drupal.org,Male,5G8EulXPTyJ7
996,Justinian,Patient,jpatientrn@dailymotion.com,Male,ii1heUxD
997,Cliff,Cowthart,ccowthartro@sogou.com,Male,qXw9qErff
998,Dane,Osboldstone,dosboldstonerp@godaddy.com,Male,gr8IxtMqh0pc
999,Burnard,MacGauhy,bmacgauhyrq@furl.net,Male,pGzA7w
1000,Andrei,McGebenay,amcgebenayrr@cisco.com,Female,Aebq8FF30lbn
